,Link,Title,Rating,Price
0,https://m.media-amazon.com/images/I/71t+pN7w6HL._AC_UL320_.jpg,"TECLAST Tablet de 10 pulgadas Android 12 Tablets, P25T 4GB RAM 64GB ROM 1TB Ampliar tableta Android, Tableta con CPU de 4 núcleos 1.8Ghz 2.4G+5G WiFi, pantalla IPS de 10.1 pulgadas, cámaras duales, Bluetooth 5.0, tableta para niños",4.5 de 5 estrellas,84.0
1,https://m.media-amazon.com/images/I/81TtgFNJrGL._AC_UL320_.jpg,"Tablet Android, tablet Android 12 de 10.1 pulgadas, 6 GB de RAM 64 GB de ROM, 1 TB de expansión, tableta Android con batería de 8000 mAh, cámara dual, WiFi 5G, Bluetooth, pantalla táctil FHD IPS, GPS, Google GMS certificado plateado",5.0 de 5 estrellas,89.0
2,https://m.media-amazon.com/images/I/81huX80XrcL._AC_UL320_.jpg,"Tablet Android de 10 pulgadas, tablet Android 12, 6 GB RAM 64 GB ROM, 512 GB ampliar la tableta Android con doble cámara, 5G y 2.4G WiFi, Bluetooth, 8000 mAh, pantalla táctil HD, certificado Google GMS",3.7 de 5 estrellas,82.0
3,https://m.media-amazon.com/images/I/71s1mlbLNaL._AC_UL320_.jpg,"TECLAST Android 12 Tablet 10 inch Tablets, M40Plus 8GB+128GB Tablet, 1TB Expand 8 Core Android Tablet, 2.4G/5G WiFi, 1920*1200 IPS, 7000mAh Fast Charge, Bluetooth 5.0, GPS, Dual Camera, Parent control",4.4 de 5 estrellas,143.0
4,https://m.media-amazon.com/images/I/71iq-TvOl-L._AC_UL320_.jpg,"KYASTER Tablet para niños, 7 pulgadas, 5G, WiFi 6, Android 12, tablet para niños, pantalla IPS Full HD 1920 x 1200, 2 GB RAM 32 GB ROM, aplicaciones de educación de juegos de control parental, funda EVA a prueba de niños con lápiz capacitivo",3.6 de 5 estrellas,59.0
5,https://m.media-amazon.com/images/I/71rlRAbO99L._AC_UL320_.jpg,"TJD Tablet Android de 7.9 pulgadas, tabletas Android 11, pantalla IPS de 2048 x 1536, 2 GB de RAM de 32 GB de ROM (512 GB expandible), procesador de cuatro núcleos, cámara de 8 MP/certificado Google/altavoces duales/Bluetooth/WiFi de 2.4 GHz, tipo C",3.8 de 5 estrellas,69.0
6,https://m.media-amazon.com/images/I/616TgsaFS4L._AC_UL320_.jpg,"Tablet Android, tablet de 10 pulgadas, tablet Android 12.0, 2 GB de RAM de 64 GB de ROM, 512 GB de expansión, tableta Android con doble cámara, WiFi, Bluetooth, pantalla táctil HD, certificado Google GMS",3.5 de 5 estrellas,69.0
7,https://m.media-amazon.com/images/I/61tvxf11joL._AC_UL320_.jpg,"PRITOM Tablet M20 de 10 pulgadas con funda, Android 12 tabletas, 3G RAM, 64 GB ROM, 512 GB expandible, procesador Quad-Core 1.6GHz, 6000mAh, pantalla táctil HD IPS, cámara dual, WiFi 6, Bluetooth, FM, USB C",3.9 de 5 estrellas,79.0
8,https://m.media-amazon.com/images/I/61mz-if+e5L._AC_UL320_.jpg,"VOLENTEX Tableta Android 12 de 10 pulgadas, tabletas con 3 GB RAM 64 GB ROM 512 GB expandir, procesador Quad Core, WiFi 6, pantalla IPS HD de 10.1 pulgadas, batería de 6000 mAh, cámara de 2 MP+8 MP, tipo C",3.6 de 5 estrellas,69.0
9,https://m.media-amazon.com/images/I/71t+pN7w6HL._AC_UL320_.jpg,"TECLAST Tablet de 10 pulgadas Android 12 Tablets, P25T 4GB RAM 64GB ROM 1TB Ampliar tableta Android, Tableta con CPU de 4 núcleos 1.8Ghz 2.4G+5G WiFi, pantalla IPS de 10.1 pulgadas, cámaras duales, Bluetooth 5.0, tableta para niños",4.5 de 5 estrellas,84.0
10,https://m.media-amazon.com/images/I/81TtgFNJrGL._AC_UL320_.jpg,"Tablet Android, tablet Android 12 de 10.1 pulgadas, 6 GB de RAM 64 GB de ROM, 1 TB de expansión, tableta Android con batería de 8000 mAh, cámara dual, WiFi 5G, Bluetooth, pantalla táctil FHD IPS, GPS, Google GMS certificado plateado",5.0 de 5 estrellas,89.0
11,https://m.media-amazon.com/images/I/71s1mlbLNaL._AC_UL320_.jpg,"TECLAST Android 12 Tablet 10 inch Tablets, M40Plus 8GB+128GB Tablet, 1TB Expand 8 Core Android Tablet, 2.4G/5G WiFi, 1920*1200 IPS, 7000mAh Fast Charge, Bluetooth 5.0, GPS, Dual Camera, Parent control",4.4 de 5 estrellas,143.0
12,https://m.media-amazon.com/images/I/61DNToXKaEL._AC_UL320_.jpg,"Tablet 10.1 pulgadas Android 11 Tablet última actualización Octa-Core procesador con 64GB ROM+4GB RAM almacenamiento, doble cámara de 13MP+5MP, WiFi, Bluetooth, GPS, 512GB ampliación soporte, IPS pantalla Full HD WiFi Tablet",4.1 de 5 estrellas,149.0
13,https://m.media-amazon.com/images/I/71d70arBn8L._AC_UL320_.jpg,"Tabletas Android 11 de 10 pulgadas, tablet 2 en 1 con 4+64/128 GB de almacenamiento Octa-Core, ranuras para tarjetas SIM dobles con teclado, cámara de 13 MP, batería de 6000 mAh, GPS, Bluetooth, WiFi, funda incluida",4.3 de 5 estrellas,169.0
14,https://m.media-amazon.com/images/I/81nin1KEeAL._AC_UL320_.jpg,"Blackview Tableta Android 12, tabletas de 10 pulgadas Tab 7 WiFi 5GB RAM 64GB ROM con 1TB Expand, batería 6580mAh Tablet PC IPS HD+, pantalla Google GMS certificada 5MP Wi-Fi Tablet para niños, azul",4.3 de 5 estrellas,89.0
15,https://m.media-amazon.com/images/I/71iq-TvOl-L._AC_UL320_.jpg,"KYASTER Tablet para niños, 7 pulgadas, 5G, WiFi 6, Android 12, tablet para niños, pantalla IPS Full HD 1920 x 1200, 2 GB RAM 32 GB ROM, aplicaciones de educación de juegos de control parental, funda EVA a prueba de niños con lápiz capacitivo",3.6 de 5 estrellas,59.0
16,https://m.media-amazon.com/images/I/717HREfG02L._AC_UL320_.jpg,"SEBBE Tableta Android 11 de 10.36 pulgadas con procesador Octa-Core, 4 GB RAM/64 GB ROM, batería de 8000 mAh, altavoces cuádruple, WiFi 5G+2.4G, pantalla dividida, GPS, Bluetooth, certificado Google, color gris",4.1 de 5 estrellas,120.0
17,https://m.media-amazon.com/images/I/81huX80XrcL._AC_UL320_.jpg,"Tablet Android de 10 pulgadas, tablet Android 12, 6 GB RAM 64 GB ROM, 512 GB ampliar la tableta Android con doble cámara, 5G y 2.4G WiFi, Bluetooth, 8000 mAh, pantalla táctil HD, certificado Google GMS",3.7 de 5 estrellas,82.0
18,https://m.media-amazon.com/images/I/71t+pN7w6HL._AC_UL320_.jpg,"TECLAST Tablet de 10 pulgadas Android 12 Tablets, P25T 4GB RAM 64GB ROM 1TB Ampliar tableta Android, Tableta con CPU de 4 núcleos 1.8Ghz 2.4G+5G WiFi, pantalla IPS de 10.1 pulgadas, cámaras duales, Bluetooth 5.0, tableta para niños",4.5 de 5 estrellas,84.0
19,https://m.media-amazon.com/images/I/81TtgFNJrGL._AC_UL320_.jpg,"Tablet Android, tablet Android 12 de 10.1 pulgadas, 6 GB de RAM 64 GB de ROM, 1 TB de expansión, tableta Android con batería de 8000 mAh, cámara dual, WiFi 5G, Bluetooth, pantalla táctil FHD IPS, GPS, Google GMS certificado plateado",5.0 de 5 estrellas,89.0
20,https://m.media-amazon.com/images/I/71s1mlbLNaL._AC_UL320_.jpg,"TECLAST Android 12 Tablet 10 inch Tablets, M40Plus 8GB+128GB Tablet, 1TB Expand 8 Core Android Tablet, 2.4G/5G WiFi, 1920*1200 IPS, 7000mAh Fast Charge, Bluetooth 5.0, GPS, Dual Camera, Parent control",4.4 de 5 estrellas,143.0
21,https://m.media-amazon.com/images/I/61DNToXKaEL._AC_UL320_.jpg,"Tablet 10.1 pulgadas Android 11 Tablet última actualización Octa-Core procesador con 64GB ROM+4GB RAM almacenamiento, doble cámara de 13MP+5MP, WiFi, Bluetooth, GPS, 512GB ampliación soporte, IPS pantalla Full HD WiFi Tablet",4.1 de 5 estrellas,149.0
22,https://m.media-amazon.com/images/I/71d70arBn8L._AC_UL320_.jpg,"Tabletas Android 11 de 10 pulgadas, tablet 2 en 1 con 4+64/128 GB de almacenamiento Octa-Core, ranuras para tarjetas SIM dobles con teclado, cámara de 13 MP, batería de 6000 mAh, GPS, Bluetooth, WiFi, funda incluida",4.3 de 5 estrellas,169.0
23,https://m.media-amazon.com/images/I/717HREfG02L._AC_UL320_.jpg,"SEBBE Tableta Android 11 de 10.36 pulgadas con procesador Octa-Core, 4 GB RAM/64 GB ROM, batería de 8000 mAh, altavoces cuádruple, WiFi 5G+2.4G, pantalla dividida, GPS, Bluetooth, certificado Google, color gris",4.2 de 5 estrellas,120.0
24,https://m.media-amazon.com/images/I/71iq-TvOl-L._AC_UL320_.jpg,"KYASTER Tablet para niños, 7 pulgadas, 5G, WiFi 6, Android 12, tablet para niños, pantalla IPS Full HD 1920 x 1200, 2 GB RAM 32 GB ROM, aplicaciones de educación de juegos de control parental, funda EVA a prueba de niños con lápiz capacitivo",3.6 de 5 estrellas,59.0
25,https://m.media-amazon.com/images/I/71ortBpkH8L._AC_UL320_.jpg,"Tablet Android, tablet Android 12 de 10.1 pulgadas, 6 GB de RAM 64 GB de ROM, 1 TB de expansión, tableta Android con batería larga de 8000 mAh, cámara dual, WiFi 5G, Bluetooth, pantalla táctil FHD IPS, GPS, certificado Google GMS",3.4 de 5 estrellas,89.0
26,https://m.media-amazon.com/images/I/71rlRAbO99L._AC_UL320_.jpg,"TJD Tablet Android de 7.9 pulgadas, tabletas Android 11, pantalla IPS de 2048 x 1536, 2 GB de RAM de 32 GB de ROM (512 GB expandible), procesador de cuatro núcleos, cámara de 8 MP/certificado Google/altavoces duales/Bluetooth/WiFi de 2.4 GHz, tipo C",3.8 de 5 estrellas,69.0
27,https://m.media-amazon.com/images/I/717HREfG02L._AC_UL320_.jpg,"SEBBE Tableta Android 11 de 10.36 pulgadas con procesador Octa-Core, 4 GB RAM/64 GB ROM, batería de 8000 mAh, altavoces cuádruple, WiFi 5G+2.4G, pantalla dividida, GPS, Bluetooth, certificado Google, color gris",4.2 de 5 estrellas,120.0
28,https://m.media-amazon.com/images/I/61ThPz0ShSL._AC_UL320_.jpg,"Tablet 10.1 pulgadas Android 11 Tablet última actualización Octa-Core procesador con 64GB ROM + 4GB RAM almacenamiento, doble cámara de 13MP+5MP, WiFi, Bluetooth, GPS, 512GB ampliación de soporte, IPS Full HD pantalla Tablet",4.1 de 5 estrellas,149.0
29,https://m.media-amazon.com/images/I/71t+pN7w6HL._AC_UL320_.jpg,"TECLAST Tablet de 10 pulgadas Android 12 Tablets, P25T 4GB RAM 64GB ROM 1TB Ampliar tableta Android, Tableta con CPU de 4 núcleos 1.8Ghz 2.4G+5G WiFi, pantalla IPS de 10.1 pulgadas, cámaras duales, Bluetooth 5.0, tableta para niños",4.5 de 5 estrellas,84.0
30,https://m.media-amazon.com/images/I/81TtgFNJrGL._AC_UL320_.jpg,"Tablet Android, tablet Android 12 de 10.1 pulgadas, 6 GB de RAM 64 GB de ROM, 1 TB de expansión, tableta Android con batería de 8000 mAh, cámara dual, WiFi 5G, Bluetooth, pantalla táctil FHD IPS, GPS, Google GMS certificado plateado",5.0 de 5 estrellas,89.0
31,https://m.media-amazon.com/images/I/71s1mlbLNaL._AC_UL320_.jpg,"TECLAST Android 12 Tablet 10 inch Tablets, M40Plus 8GB+128GB Tablet, 1TB Expand 8 Core Android Tablet, 2.4G/5G WiFi, 1920*1200 IPS, 7000mAh Fast Charge, Bluetooth 5.0, GPS, Dual Camera, Parent control",4.4 de 5 estrellas,143.0
32,https://m.media-amazon.com/images/I/81ifVAXdH-L._AC_UL320_.jpg,"YESTEL Tablet Android 11 de 10.1 pulgadas 2 en 1 tabletas con procesador Octa-Core de 2.0 GHz, 4 GB de RAM 64 GB de ROM (se expande a 128 GB), WiFi 2.4G+5G, Bluetooth5.0, batería de 8000 mAh, teclado y mouse incluidos, color gris",4.3 de 5 estrellas,135.0
33,https://m.media-amazon.com/images/I/71d70arBn8L._AC_UL320_.jpg,"Tabletas Android 11 de 10 pulgadas, tablet 2 en 1 con 4+64/128 GB de almacenamiento Octa-Core, ranuras para tarjetas SIM dobles con teclado, cámara de 13 MP, batería de 6000 mAh, GPS, Bluetooth, WiFi, funda incluida",4.3 de 5 estrellas,169.0
34,https://m.media-amazon.com/images/I/71bvw+iV0UL._AC_UL320_.jpg,"Oangcc Tablet Android 11 de 10 pulgadas, tableta 2 en 1 de 4 GB RAM 64 GB ROM (MAX 128 G), doble cámara computadora Tablet PC con teclado Bluetooth, mouse inalámbrico, lápiz capacitivo, funda, y más, oro rosa",4.5 de 5 estrellas,135.0
35,https://m.media-amazon.com/images/I/819ZtQI0tPL._AC_UL320_.jpg,"BYYBUO Tablet T10 Pro de 10.1 pulgadas, tabletas Android 11 2 en 1 con funda de teclado de acoplamiento, 4 GB de RAM 64 GB de ROM, 1920 x 1200 Full HD, procesador Octa-Core, batería de 7000 mAh, WiFi 5G/2.4G, Bluetooth, GPS (2023 gris)",3.7 de 5 estrellas,149.0
36,https://m.media-amazon.com/images/I/71t+pN7w6HL._AC_UL320_.jpg,"TECLAST Tablet de 10 pulgadas Android 12 Tablets, P25T 4GB RAM 64GB ROM 1TB Ampliar tableta Android, Tableta con CPU de 4 núcleos 1.8Ghz 2.4G+5G WiFi, pantalla IPS de 10.1 pulgadas, cámaras duales, Bluetooth 5.0, tableta para niños",4.5 de 5 estrellas,84.0
37,https://m.media-amazon.com/images/I/71s1mlbLNaL._AC_UL320_.jpg,"TECLAST Android 12 Tablet 10 inch Tablets, M40Plus 8GB+128GB Tablet, 1TB Expand 8 Core Android Tablet, 2.4G/5G WiFi, 1920*1200 IPS, 7000mAh Fast Charge, Bluetooth 5.0, GPS, Dual Camera, Parent control",4.4 de 5 estrellas,143.0
38,https://m.media-amazon.com/images/I/81TtgFNJrGL._AC_UL320_.jpg,"Tablet Android, tablet Android 12 de 10.1 pulgadas, 6 GB de RAM 64 GB de ROM, 1 TB de expansión, tableta Android con batería de 8000 mAh, cámara dual, WiFi 5G, Bluetooth, pantalla táctil FHD IPS, GPS, Google GMS certificado plateado",5.0 de 5 estrellas,89.0
39,https://m.media-amazon.com/images/I/71rlRAbO99L._AC_UL320_.jpg,"TJD Tablet Android de 7.9 pulgadas, tabletas Android 11, pantalla IPS de 2048 x 1536, 2 GB de RAM de 32 GB de ROM (512 GB expandible), procesador de cuatro núcleos, cámara de 8 MP/certificado Google/altavoces duales/Bluetooth/WiFi de 2.4 GHz, tipo C",3.8 de 5 estrellas,69.0
40,https://m.media-amazon.com/images/I/81huX80XrcL._AC_UL320_.jpg,"Tablet Android de 10 pulgadas, tablet Android 12, 6 GB RAM 64 GB ROM, 512 GB ampliar la tableta Android con doble cámara, 5G y 2.4G WiFi, Bluetooth, 8000 mAh, pantalla táctil HD, certificado Google GMS",3.7 de 5 estrellas,82.0
41,https://m.media-amazon.com/images/I/71iq-TvOl-L._AC_UL320_.jpg,"KYASTER Tablet para niños, 7 pulgadas, 5G, WiFi 6, Android 12, tablet para niños, pantalla IPS Full HD 1920 x 1200, 2 GB RAM 32 GB ROM, aplicaciones de educación de juegos de control parental, funda EVA a prueba de niños con lápiz capacitivo",3.6 de 5 estrellas,59.0
42,https://m.media-amazon.com/images/I/71ortBpkH8L._AC_UL320_.jpg,"Tablet Android, tablet Android 12 de 10.1 pulgadas, 6 GB de RAM 64 GB de ROM, 1 TB de expansión, tableta Android con batería larga de 8000 mAh, cámara dual, WiFi 5G, Bluetooth, pantalla táctil FHD IPS, GPS, certificado Google GMS",3.4 de 5 estrellas,89.0
43,https://m.media-amazon.com/images/I/61mz-if+e5L._AC_UL320_.jpg,"VOLENTEX Tableta Android 12 de 10 pulgadas, tabletas con 3 GB RAM 64 GB ROM 512 GB expandir, procesador Quad Core, WiFi 6, pantalla IPS HD de 10.1 pulgadas, batería de 6000 mAh, cámara de 2 MP+8 MP, tipo C",3.6 de 5 estrellas,69.0
44,https://m.media-amazon.com/images/I/71VWqQBkPoL._AC_UL320_.jpg,"VOLENTEX Tablet de 7 pulgadas Android 11 32 GB de almacenamiento (ampliable 128 GB) 2 GB de RAM, tabletas de procesador cuádruple PC, cámara doble, WiFi, tipo C, incluye funda de cuero para tableta",3.7 de 5 estrellas,49.0
45,https://m.media-amazon.com/images/I/71t+pN7w6HL._AC_UL320_.jpg,"TECLAST Tablet de 10 pulgadas Android 12 Tablets, P25T 4GB RAM 64GB ROM 1TB Ampliar tableta Android, Tableta con CPU de 4 núcleos 1.8Ghz 2.4G+5G WiFi, pantalla IPS de 10.1 pulgadas, cámaras duales, Bluetooth 5.0, tableta para niños",4.5 de 5 estrellas,84.0
46,https://m.media-amazon.com/images/I/71s1mlbLNaL._AC_UL320_.jpg,"TECLAST Android 12 Tablet 10 inch Tablets, M40Plus 8GB+128GB Tablet, 1TB Expand 8 Core Android Tablet, 2.4G/5G WiFi, 1920*1200 IPS, 7000mAh Fast Charge, Bluetooth 5.0, GPS, Dual Camera, Parent control",4.4 de 5 estrellas,143.0
47,https://m.media-amazon.com/images/I/81TtgFNJrGL._AC_UL320_.jpg,"Tablet Android, tablet Android 12 de 10.1 pulgadas, 6 GB de RAM 64 GB de ROM, 1 TB de expansión, tableta Android con batería de 8000 mAh, cámara dual, WiFi 5G, Bluetooth, pantalla táctil FHD IPS, GPS, Google GMS certificado plateado",5.0 de 5 estrellas,89.0
48,https://m.media-amazon.com/images/I/71rlRAbO99L._AC_UL320_.jpg,"TJD Tablet Android de 7.9 pulgadas, tabletas Android 11, pantalla IPS de 2048 x 1536, 2 GB de RAM de 32 GB de ROM (512 GB expandible), procesador de cuatro núcleos, cámara de 8 MP/certificado Google/altavoces duales/Bluetooth/WiFi de 2.4 GHz, tipo C",3.8 de 5 estrellas,69.0
49,https://m.media-amazon.com/images/I/81huX80XrcL._AC_UL320_.jpg,"Tablet Android de 10 pulgadas, tablet Android 12, 6 GB RAM 64 GB ROM, 512 GB ampliar la tableta Android con doble cámara, 5G y 2.4G WiFi, Bluetooth, 8000 mAh, pantalla táctil HD, certificado Google GMS",3.7 de 5 estrellas,82.0
50,https://m.media-amazon.com/images/I/71ortBpkH8L._AC_UL320_.jpg,"Tablet Android, tablet Android 12 de 10.1 pulgadas, 6 GB de RAM 64 GB de ROM, 1 TB de expansión, tableta Android con batería larga de 8000 mAh, cámara dual, WiFi 5G, Bluetooth, pantalla táctil FHD IPS, GPS, certificado Google GMS",3.4 de 5 estrellas,89.0
51,https://m.media-amazon.com/images/I/71iq-TvOl-L._AC_UL320_.jpg,"KYASTER Tablet para niños, 7 pulgadas, 5G, WiFi 6, Android 12, tablet para niños, pantalla IPS Full HD 1920 x 1200, 2 GB RAM 32 GB ROM, aplicaciones de educación de juegos de control parental, funda EVA a prueba de niños con lápiz capacitivo",3.6 de 5 estrellas,59.0
52,https://m.media-amazon.com/images/I/61mz-if+e5L._AC_UL320_.jpg,"VOLENTEX Tableta Android 12 de 10 pulgadas, tabletas con 3 GB RAM 64 GB ROM 512 GB expandir, procesador Quad Core, WiFi 6, pantalla IPS HD de 10.1 pulgadas, batería de 6000 mAh, cámara de 2 MP+8 MP, tipo C",3.6 de 5 estrellas,69.0
53,https://m.media-amazon.com/images/I/71WMQ98UXHL._AC_UL320_.jpg,"AAUB Tablet Android de 10 pulgadas, CPU Octa-Core, pantalla táctil HD de 10.1 pulgadas, certificado Google GMS, cámaras duales de 13 MP, almacenamiento de 32 GB, WiFi 5G, Bluetooth 5.0, GPS, PC inteligente 2022",4.0 de 5 estrellas,119.0
54,https://m.media-amazon.com/images/I/71t+pN7w6HL._AC_UL320_.jpg,"TECLAST Tablet de 10 pulgadas Android 12 Tablets, P25T 4GB RAM 64GB ROM 1TB Ampliar tableta Android, Tableta con CPU de 4 núcleos 1.8Ghz 2.4G+5G WiFi, pantalla IPS de 10.1 pulgadas, cámaras duales, Bluetooth 5.0, tableta para niños",4.5 de 5 estrellas,84.0
55,https://m.media-amazon.com/images/I/71s1mlbLNaL._AC_UL320_.jpg,"TECLAST Android 12 Tablet 10 inch Tablets, M40Plus 8GB+128GB Tablet, 1TB Expand 8 Core Android Tablet, 2.4G/5G WiFi, 1920*1200 IPS, 7000mAh Fast Charge, Bluetooth 5.0, GPS, Dual Camera, Parent control",4.4 de 5 estrellas,143.0
56,https://m.media-amazon.com/images/I/81TtgFNJrGL._AC_UL320_.jpg,"Tablet Android, tablet Android 12 de 10.1 pulgadas, 6 GB de RAM 64 GB de ROM, 1 TB de expansión, tableta Android con batería de 8000 mAh, cámara dual, WiFi 5G, Bluetooth, pantalla táctil FHD IPS, GPS, Google GMS certificado plateado",5.0 de 5 estrellas,89.0
57,https://m.media-amazon.com/images/I/71rlRAbO99L._AC_UL320_.jpg,"TJD Tablet Android de 7.9 pulgadas, tabletas Android 11, pantalla IPS de 2048 x 1536, 2 GB de RAM de 32 GB de ROM (512 GB expandible), procesador de cuatro núcleos, cámara de 8 MP/certificado Google/altavoces duales/Bluetooth/WiFi de 2.4 GHz, tipo C",3.8 de 5 estrellas,69.0
58,https://m.media-amazon.com/images/I/81huX80XrcL._AC_UL320_.jpg,"Tablet Android de 10 pulgadas, tablet Android 12, 6 GB RAM 64 GB ROM, 512 GB ampliar la tableta Android con doble cámara, 5G y 2.4G WiFi, Bluetooth, 8000 mAh, pantalla táctil HD, certificado Google GMS",3.7 de 5 estrellas,82.0
59,https://m.media-amazon.com/images/I/71ortBpkH8L._AC_UL320_.jpg,"Tablet Android, tablet Android 12 de 10.1 pulgadas, 6 GB de RAM 64 GB de ROM, 1 TB de expansión, tableta Android con batería larga de 8000 mAh, cámara dual, WiFi 5G, Bluetooth, pantalla táctil FHD IPS, GPS, certificado Google GMS",3.4 de 5 estrellas,89.0
60,https://m.media-amazon.com/images/I/71iq-TvOl-L._AC_UL320_.jpg,"KYASTER Tablet para niños, 7 pulgadas, 5G, WiFi 6, Android 12, tablet para niños, pantalla IPS Full HD 1920 x 1200, 2 GB RAM 32 GB ROM, aplicaciones de educación de juegos de control parental, funda EVA a prueba de niños con lápiz capacitivo",3.6 de 5 estrellas,59.0
61,https://m.media-amazon.com/images/I/61mz-if+e5L._AC_UL320_.jpg,"VOLENTEX Tableta Android 12 de 10 pulgadas, tabletas con 3 GB RAM 64 GB ROM 512 GB expandir, procesador Quad Core, WiFi 6, pantalla IPS HD de 10.1 pulgadas, batería de 6000 mAh, cámara de 2 MP+8 MP, tipo C",3.6 de 5 estrellas,69.0
62,https://m.media-amazon.com/images/I/71WMQ98UXHL._AC_UL320_.jpg,"AAUB Tablet Android de 10 pulgadas, CPU Octa-Core, pantalla táctil HD de 10.1 pulgadas, certificado Google GMS, cámaras duales de 13 MP, almacenamiento de 32 GB, WiFi 5G, Bluetooth 5.0, GPS, PC inteligente 2022",4.0 de 5 estrellas,119.0
63,https://m.media-amazon.com/images/I/71t+pN7w6HL._AC_UL320_.jpg,"TECLAST Tablet de 10 pulgadas Android 12 Tablets, P25T 4GB RAM 64GB ROM 1TB Ampliar tableta Android, Tableta con CPU de 4 núcleos 1.8Ghz 2.4G+5G WiFi, pantalla IPS de 10.1 pulgadas, cámaras duales, Bluetooth 5.0, tableta para niños",4.5 de 5 estrellas,84.0
64,https://m.media-amazon.com/images/I/71s1mlbLNaL._AC_UL320_.jpg,"TECLAST Android 12 Tablet 10 inch Tablets, M40Plus 8GB+128GB Tablet, 1TB Expand 8 Core Android Tablet, 2.4G/5G WiFi, 1920*1200 IPS, 7000mAh Fast Charge, Bluetooth 5.0, GPS, Dual Camera, Parent control",4.4 de 5 estrellas,143.0
65,https://m.media-amazon.com/images/I/81TtgFNJrGL._AC_UL320_.jpg,"Tablet Android, tablet Android 12 de 10.1 pulgadas, 6 GB de RAM 64 GB de ROM, 1 TB de expansión, tableta Android con batería de 8000 mAh, cámara dual, WiFi 5G, Bluetooth, pantalla táctil FHD IPS, GPS, Google GMS certificado plateado",5.0 de 5 estrellas,89.0
66,https://m.media-amazon.com/images/I/71rlRAbO99L._AC_UL320_.jpg,"TJD Tablet Android de 7.9 pulgadas, tabletas Android 11, pantalla IPS de 2048 x 1536, 2 GB de RAM de 32 GB de ROM (512 GB expandible), procesador de cuatro núcleos, cámara de 8 MP/certificado Google/altavoces duales/Bluetooth/WiFi de 2.4 GHz, tipo C",3.8 de 5 estrellas,69.0
67,https://m.media-amazon.com/images/I/81huX80XrcL._AC_UL320_.jpg,"Tablet Android de 10 pulgadas, tablet Android 12, 6 GB RAM 64 GB ROM, 512 GB ampliar la tableta Android con doble cámara, 5G y 2.4G WiFi, Bluetooth, 8000 mAh, pantalla táctil HD, certificado Google GMS",3.7 de 5 estrellas,82.0
68,https://m.media-amazon.com/images/I/71ortBpkH8L._AC_UL320_.jpg,"Tablet Android, tablet Android 12 de 10.1 pulgadas, 6 GB de RAM 64 GB de ROM, 1 TB de expansión, tableta Android con batería larga de 8000 mAh, cámara dual, WiFi 5G, Bluetooth, pantalla táctil FHD IPS, GPS, certificado Google GMS",3.4 de 5 estrellas,89.0
69,https://m.media-amazon.com/images/I/61mz-if+e5L._AC_UL320_.jpg,"VOLENTEX Tableta Android 12 de 10 pulgadas, tabletas con 3 GB RAM 64 GB ROM 512 GB expandir, procesador Quad Core, WiFi 6, pantalla IPS HD de 10.1 pulgadas, batería de 6000 mAh, cámara de 2 MP+8 MP, tipo C",3.6 de 5 estrellas,69.0
70,https://m.media-amazon.com/images/I/71iq-TvOl-L._AC_UL320_.jpg,"KYASTER Tablet para niños, 7 pulgadas, 5G, WiFi 6, Android 12, tablet para niños, pantalla IPS Full HD 1920 x 1200, 2 GB RAM 32 GB ROM, aplicaciones de educación de juegos de control parental, funda EVA a prueba de niños con lápiz capacitivo",3.6 de 5 estrellas,59.0
71,https://m.media-amazon.com/images/I/71WMQ98UXHL._AC_UL320_.jpg,"AAUB Tablet Android de 10 pulgadas, CPU Octa-Core, pantalla táctil HD de 10.1 pulgadas, certificado Google GMS, cámaras duales de 13 MP, almacenamiento de 32 GB, WiFi 5G, Bluetooth 5.0, GPS, PC inteligente 2022",4.0 de 5 estrellas,119.0
72,https://m.media-amazon.com/images/I/71t+pN7w6HL._AC_UL320_.jpg,"TECLAST Tablet de 10 pulgadas Android 12 Tablets, P25T 4GB RAM 64GB ROM 1TB Ampliar tableta Android, Tableta con CPU de 4 núcleos 1.8Ghz 2.4G+5G WiFi, pantalla IPS de 10.1 pulgadas, cámaras duales, Bluetooth 5.0, tableta para niños",4.5 de 5 estrellas,84.0
73,https://m.media-amazon.com/images/I/717HREfG02L._AC_UL320_.jpg,"SEBBE Tableta Android 11 de 10.36 pulgadas con procesador Octa-Core, 4 GB RAM/64 GB ROM, batería de 8000 mAh, altavoces cuádruple, WiFi 5G+2.4G, pantalla dividida, GPS, Bluetooth, certificado Google, color gris",4.2 de 5 estrellas,120.0
74,https://m.media-amazon.com/images/I/71s1mlbLNaL._AC_UL320_.jpg,"TECLAST Android 12 Tablet 10 inch Tablets, M40Plus 8GB+128GB Tablet, 1TB Expand 8 Core Android Tablet, 2.4G/5G WiFi, 1920*1200 IPS, 7000mAh Fast Charge, Bluetooth 5.0, GPS, Dual Camera, Parent control",4.4 de 5 estrellas,143.0
75,https://m.media-amazon.com/images/I/61ThPz0ShSL._AC_UL320_.jpg,"Tablet 10.1 pulgadas Android 11 Tablet última actualización Octa-Core procesador con 64GB ROM + 4GB RAM almacenamiento, doble cámara de 13MP+5MP, WiFi, Bluetooth, GPS, 512GB ampliación de soporte, IPS Full HD pantalla Tablet",4.1 de 5 estrellas,149.0
76,https://m.media-amazon.com/images/I/81TtgFNJrGL._AC_UL320_.jpg,"Tablet Android, tablet Android 12 de 10.1 pulgadas, 6 GB de RAM 64 GB de ROM, 1 TB de expansión, tableta Android con batería de 8000 mAh, cámara dual, WiFi 5G, Bluetooth, pantalla táctil FHD IPS, GPS, Google GMS certificado plateado",5.0 de 5 estrellas,89.0
77,https://m.media-amazon.com/images/I/81ifVAXdH-L._AC_UL320_.jpg,"YESTEL Tablet Android 11 de 10.1 pulgadas 2 en 1 tabletas con procesador Octa-Core de 2.0 GHz, 4 GB de RAM 64 GB de ROM (se expande a 128 GB), WiFi 2.4G+5G, Bluetooth5.0, batería de 8000 mAh, teclado y mouse incluidos, color gris",4.3 de 5 estrellas,135.0
78,https://m.media-amazon.com/images/I/71bvw+iV0UL._AC_UL320_.jpg,"Oangcc Tablet Android 11 de 10 pulgadas, tableta 2 en 1 de 4 GB RAM 64 GB ROM (MAX 128 G), doble cámara computadora Tablet PC con teclado Bluetooth, mouse inalámbrico, lápiz capacitivo, funda, y más, oro rosa",4.5 de 5 estrellas,135.0
79,https://m.media-amazon.com/images/I/71STo4K5-zL._AC_UL320_.jpg,"Dragon Touch Notepad102 Tablet Android de 10 pulgadas - 128 GB ROM, 8 GB de RAM, Octa-Core, Android 12, cámara de 13 MP, WiFi 5G, GPS, teclado compatible (2023 más nuevo)",4.3 de 5 estrellas,189.0
80,https://m.media-amazon.com/images/I/71d70arBn8L._AC_UL320_.jpg,"Tabletas Android 11 de 10 pulgadas, tablet 2 en 1 con 4+64/128 GB de almacenamiento Octa-Core, ranuras para tarjetas SIM dobles con teclado, cámara de 13 MP, batería de 6000 mAh, GPS, Bluetooth, WiFi, funda incluida",4.3 de 5 estrellas,169.0
81,https://m.media-amazon.com/images/I/71t+pN7w6HL._AC_UL320_.jpg,"TECLAST Tablet de 10 pulgadas Android 12 Tablets, P25T 4GB RAM 64GB ROM 1TB Ampliar tableta Android, Tableta con CPU de 4 núcleos 1.8Ghz 2.4G+5G WiFi, pantalla IPS de 10.1 pulgadas, cámaras duales, Bluetooth 5.0, tableta para niños",4.5 de 5 estrellas,84.0
82,https://m.media-amazon.com/images/I/71s1mlbLNaL._AC_UL320_.jpg,"TECLAST Android 12 Tablet 10 inch Tablets, M40Plus 8GB+128GB Tablet, 1TB Expand 8 Core Android Tablet, 2.4G/5G WiFi, 1920*1200 IPS, 7000mAh Fast Charge, Bluetooth 5.0, GPS, Dual Camera, Parent control",4.4 de 5 estrellas,143.0
83,https://m.media-amazon.com/images/I/81TtgFNJrGL._AC_UL320_.jpg,"Tablet Android, tablet Android 12 de 10.1 pulgadas, 6 GB de RAM 64 GB de ROM, 1 TB de expansión, tableta Android con batería de 8000 mAh, cámara dual, WiFi 5G, Bluetooth, pantalla táctil FHD IPS, GPS, Google GMS certificado plateado",5.0 de 5 estrellas,89.0
84,https://m.media-amazon.com/images/I/71rlRAbO99L._AC_UL320_.jpg,"TJD Tablet Android de 7.9 pulgadas, tabletas Android 11, pantalla IPS de 2048 x 1536, 2 GB de RAM de 32 GB de ROM (512 GB expandible), procesador de cuatro núcleos, cámara de 8 MP/certificado Google/altavoces duales/Bluetooth/WiFi de 2.4 GHz, tipo C",3.8 de 5 estrellas,69.0
85,https://m.media-amazon.com/images/I/81huX80XrcL._AC_UL320_.jpg,"Tablet Android de 10 pulgadas, tablet Android 12, 6 GB RAM 64 GB ROM, 512 GB ampliar la tableta Android con doble cámara, 5G y 2.4G WiFi, Bluetooth, 8000 mAh, pantalla táctil HD, certificado Google GMS",3.7 de 5 estrellas,82.0
86,https://m.media-amazon.com/images/I/71ortBpkH8L._AC_UL320_.jpg,"Tablet Android, tablet Android 12 de 10.1 pulgadas, 6 GB de RAM 64 GB de ROM, 1 TB de expansión, tableta Android con batería larga de 8000 mAh, cámara dual, WiFi 5G, Bluetooth, pantalla táctil FHD IPS, GPS, certificado Google GMS",3.4 de 5 estrellas,89.0
87,https://m.media-amazon.com/images/I/61mz-if+e5L._AC_UL320_.jpg,"VOLENTEX Tableta Android 12 de 10 pulgadas, tabletas con 3 GB RAM 64 GB ROM 512 GB expandir, procesador Quad Core, WiFi 6, pantalla IPS HD de 10.1 pulgadas, batería de 6000 mAh, cámara de 2 MP+8 MP, tipo C",3.6 de 5 estrellas,69.0
88,https://m.media-amazon.com/images/I/71WMQ98UXHL._AC_UL320_.jpg,"AAUB Tablet Android de 10 pulgadas, CPU Octa-Core, pantalla táctil HD de 10.1 pulgadas, certificado Google GMS, cámaras duales de 13 MP, almacenamiento de 32 GB, WiFi 5G, Bluetooth 5.0, GPS, PC inteligente 2022",4.0 de 5 estrellas,119.0
89,https://m.media-amazon.com/images/I/71VWqQBkPoL._AC_UL320_.jpg,"VOLENTEX Tablet de 7 pulgadas Android 11 32 GB de almacenamiento (ampliable 128 GB) 2 GB de RAM, tabletas de procesador cuádruple PC, cámara doble, WiFi, tipo C, incluye funda de cuero para tableta",3.7 de 5 estrellas,49.0
90,https://m.media-amazon.com/images/I/71t+pN7w6HL._AC_UL320_.jpg,"TECLAST Tablet de 10 pulgadas Android 12 Tablets, P25T 4GB RAM 64GB ROM 1TB Ampliar tableta Android, Tableta con CPU de 4 núcleos 1.8Ghz 2.4G+5G WiFi, pantalla IPS de 10.1 pulgadas, cámaras duales, Bluetooth 5.0, tableta para niños",4.5 de 5 estrellas,84.0
91,https://m.media-amazon.com/images/I/71s1mlbLNaL._AC_UL320_.jpg,"TECLAST Android 12 Tablet 10 inch Tablets, M40Plus 8GB+128GB Tablet, 1TB Expand 8 Core Android Tablet, 2.4G/5G WiFi, 1920*1200 IPS, 7000mAh Fast Charge, Bluetooth 5.0, GPS, Dual Camera, Parent control",4.4 de 5 estrellas,143.0
92,https://m.media-amazon.com/images/I/81TtgFNJrGL._AC_UL320_.jpg,"Tablet Android, tablet Android 12 de 10.1 pulgadas, 6 GB de RAM 64 GB de ROM, 1 TB de expansión, tableta Android con batería de 8000 mAh, cámara dual, WiFi 5G, Bluetooth, pantalla táctil FHD IPS, GPS, Google GMS certificado plateado",5.0 de 5 estrellas,89.0
93,https://m.media-amazon.com/images/I/71rlRAbO99L._AC_UL320_.jpg,"TJD Tablet Android de 7.9 pulgadas, tabletas Android 11, pantalla IPS de 2048 x 1536, 2 GB de RAM de 32 GB de ROM (512 GB expandible), procesador de cuatro núcleos, cámara de 8 MP/certificado Google/altavoces duales/Bluetooth/WiFi de 2.4 GHz, tipo C",3.8 de 5 estrellas,69.0
94,https://m.media-amazon.com/images/I/81huX80XrcL._AC_UL320_.jpg,"Tablet Android de 10 pulgadas, tablet Android 12, 6 GB RAM 64 GB ROM, 512 GB ampliar la tableta Android con doble cámara, 5G y 2.4G WiFi, Bluetooth, 8000 mAh, pantalla táctil HD, certificado Google GMS",3.7 de 5 estrellas,82.0
95,https://m.media-amazon.com/images/I/71ortBpkH8L._AC_UL320_.jpg,"Tablet Android, tablet Android 12 de 10.1 pulgadas, 6 GB de RAM 64 GB de ROM, 1 TB de expansión, tableta Android con batería larga de 8000 mAh, cámara dual, WiFi 5G, Bluetooth, pantalla táctil FHD IPS, GPS, certificado Google GMS",3.4 de 5 estrellas,89.0
96,https://m.media-amazon.com/images/I/61mz-if+e5L._AC_UL320_.jpg,"VOLENTEX Tableta Android 12 de 10 pulgadas, tabletas con 3 GB RAM 64 GB ROM 512 GB expandir, procesador Quad Core, WiFi 6, pantalla IPS HD de 10.1 pulgadas, batería de 6000 mAh, cámara de 2 MP+8 MP, tipo C",3.6 de 5 estrellas,69.0
97,https://m.media-amazon.com/images/I/71WMQ98UXHL._AC_UL320_.jpg,"AAUB Tablet Android de 10 pulgadas, CPU Octa-Core, pantalla táctil HD de 10.1 pulgadas, certificado Google GMS, cámaras duales de 13 MP, almacenamiento de 32 GB, WiFi 5G, Bluetooth 5.0, GPS, PC inteligente 2022",4.0 de 5 estrellas,119.0
98,https://m.media-amazon.com/images/I/71VWqQBkPoL._AC_UL320_.jpg,"VOLENTEX Tablet de 7 pulgadas Android 11 32 GB de almacenamiento (ampliable 128 GB) 2 GB de RAM, tabletas de procesador cuádruple PC, cámara doble, WiFi, tipo C, incluye funda de cuero para tableta",3.7 de 5 estrellas,49.0
99,https://m.media-amazon.com/images/I/71t+pN7w6HL._AC_UL320_.jpg,"TECLAST Tablet de 10 pulgadas Android 12 Tablets, P25T 4GB RAM 64GB ROM 1TB Ampliar tableta Android, Tableta con CPU de 4 núcleos 1.8Ghz 2.4G+5G WiFi, pantalla IPS de 10.1 pulgadas, cámaras duales, Bluetooth 5.0, tableta para niños",4.5 de 5 estrellas,84.0
100,https://m.media-amazon.com/images/I/71s1mlbLNaL._AC_UL320_.jpg,"TECLAST Android 12 Tablet 10 inch Tablets, M40Plus 8GB+128GB Tablet, 1TB Expand 8 Core Android Tablet, 2.4G/5G WiFi, 1920*1200 IPS, 7000mAh Fast Charge, Bluetooth 5.0, GPS, Dual Camera, Parent control",4.4 de 5 estrellas,143.0
101,https://m.media-amazon.com/images/I/81TtgFNJrGL._AC_UL320_.jpg,"Tablet Android, tablet Android 12 de 10.1 pulgadas, 6 GB de RAM 64 GB de ROM, 1 TB de expansión, tableta Android con batería de 8000 mAh, cámara dual, WiFi 5G, Bluetooth, pantalla táctil FHD IPS, GPS, Google GMS certificado plateado",5.0 de 5 estrellas,89.0
102,https://m.media-amazon.com/images/I/71rlRAbO99L._AC_UL320_.jpg,"TJD Tablet Android de 7.9 pulgadas, tabletas Android 11, pantalla IPS de 2048 x 1536, 2 GB de RAM de 32 GB de ROM (512 GB expandible), procesador de cuatro núcleos, cámara de 8 MP/certificado Google/altavoces duales/Bluetooth/WiFi de 2.4 GHz, tipo C",3.8 de 5 estrellas,69.0
103,https://m.media-amazon.com/images/I/71ortBpkH8L._AC_UL320_.jpg,"Tablet Android, tablet Android 12 de 10.1 pulgadas, 6 GB de RAM 64 GB de ROM, 1 TB de expansión, tableta Android con batería larga de 8000 mAh, cámara dual, WiFi 5G, Bluetooth, pantalla táctil FHD IPS, GPS, certificado Google GMS",3.4 de 5 estrellas,89.0
104,https://m.media-amazon.com/images/I/81huX80XrcL._AC_UL320_.jpg,"Tablet Android de 10 pulgadas, tablet Android 12, 6 GB RAM 64 GB ROM, 512 GB ampliar la tableta Android con doble cámara, 5G y 2.4G WiFi, Bluetooth, 8000 mAh, pantalla táctil HD, certificado Google GMS",3.7 de 5 estrellas,82.0
105,https://m.media-amazon.com/images/I/61mz-if+e5L._AC_UL320_.jpg,"VOLENTEX Tableta Android 12 de 10 pulgadas, tabletas con 3 GB RAM 64 GB ROM 512 GB expandir, procesador Quad Core, WiFi 6, pantalla IPS HD de 10.1 pulgadas, batería de 6000 mAh, cámara de 2 MP+8 MP, tipo C",3.6 de 5 estrellas,69.0
106,https://m.media-amazon.com/images/I/71VWqQBkPoL._AC_UL320_.jpg,"VOLENTEX Tablet de 7 pulgadas Android 11 32 GB de almacenamiento (ampliable 128 GB) 2 GB de RAM, tabletas de procesador cuádruple PC, cámara doble, WiFi, tipo C, incluye funda de cuero para tableta",3.7 de 5 estrellas,49.0
107,https://m.media-amazon.com/images/I/71WMQ98UXHL._AC_UL320_.jpg,"AAUB Tablet Android de 10 pulgadas, CPU Octa-Core, pantalla táctil HD de 10.1 pulgadas, certificado Google GMS, cámaras duales de 13 MP, almacenamiento de 32 GB, WiFi 5G, Bluetooth 5.0, GPS, PC inteligente 2022",4.0 de 5 estrellas,119.0
108,https://m.media-amazon.com/images/I/71t+pN7w6HL._AC_UL320_.jpg,"TECLAST Tablet de 10 pulgadas Android 12 Tablets, P25T 4GB RAM 64GB ROM 1TB Ampliar tableta Android, Tableta con CPU de 4 núcleos 1.8Ghz 2.4G+5G WiFi, pantalla IPS de 10.1 pulgadas, cámaras duales, Bluetooth 5.0, tableta para niños",4.5 de 5 estrellas,84.0
109,https://m.media-amazon.com/images/I/71s1mlbLNaL._AC_UL320_.jpg,"TECLAST Android 12 Tablet 10 inch Tablets, M40Plus 8GB+128GB Tablet, 1TB Expand 8 Core Android Tablet, 2.4G/5G WiFi, 1920*1200 IPS, 7000mAh Fast Charge, Bluetooth 5.0, GPS, Dual Camera, Parent control",4.4 de 5 estrellas,143.0
110,https://m.media-amazon.com/images/I/717HREfG02L._AC_UL320_.jpg,"SEBBE Tableta Android 11 de 10.36 pulgadas con procesador Octa-Core, 4 GB RAM/64 GB ROM, batería de 8000 mAh, altavoces cuádruple, WiFi 5G+2.4G, pantalla dividida, GPS, Bluetooth, certificado Google, color gris",4.2 de 5 estrellas,120.0
111,https://m.media-amazon.com/images/I/61ThPz0ShSL._AC_UL320_.jpg,"Tablet 10.1 pulgadas Android 11 Tablet última actualización Octa-Core procesador con 64GB ROM + 4GB RAM almacenamiento, doble cámara de 13MP+5MP, WiFi, Bluetooth, GPS, 512GB ampliación de soporte, IPS Full HD pantalla Tablet",4.1 de 5 estrellas,149.0
112,https://m.media-amazon.com/images/I/81TtgFNJrGL._AC_UL320_.jpg,"Tablet Android, tablet Android 12 de 10.1 pulgadas, 6 GB de RAM 64 GB de ROM, 1 TB de expansión, tableta Android con batería de 8000 mAh, cámara dual, WiFi 5G, Bluetooth, pantalla táctil FHD IPS, GPS, Google GMS certificado plateado",5.0 de 5 estrellas,89.0
113,https://m.media-amazon.com/images/I/81ifVAXdH-L._AC_UL320_.jpg,"YESTEL Tablet Android 11 de 10.1 pulgadas 2 en 1 tabletas con procesador Octa-Core de 2.0 GHz, 4 GB de RAM 64 GB de ROM (se expande a 128 GB), WiFi 2.4G+5G, Bluetooth5.0, batería de 8000 mAh, teclado y mouse incluidos, color gris",4.3 de 5 estrellas,135.0
114,https://m.media-amazon.com/images/I/71STo4K5-zL._AC_UL320_.jpg,"Dragon Touch Notepad102 Tablet Android de 10 pulgadas - 128 GB ROM, 8 GB de RAM, Octa-Core, Android 12, cámara de 13 MP, WiFi 5G, GPS, teclado compatible (2023 más nuevo)",4.3 de 5 estrellas,189.0
115,https://m.media-amazon.com/images/I/71bvw+iV0UL._AC_UL320_.jpg,"Oangcc Tablet Android 11 de 10 pulgadas, tableta 2 en 1 de 4 GB RAM 64 GB ROM (MAX 128 G), doble cámara computadora Tablet PC con teclado Bluetooth, mouse inalámbrico, lápiz capacitivo, funda, y más, oro rosa",4.5 de 5 estrellas,135.0
116,https://m.media-amazon.com/images/I/819ZtQI0tPL._AC_UL320_.jpg,"BYYBUO Tablet T10 Pro de 10.1 pulgadas, tabletas Android 11 2 en 1 con funda de teclado de acoplamiento, 4 GB de RAM 64 GB de ROM, 1920 x 1200 Full HD, procesador Octa-Core, batería de 7000 mAh, WiFi 5G/2.4G, Bluetooth, GPS (2023 gris)",3.7 de 5 estrellas,149.0
117,https://m.media-amazon.com/images/I/71t+pN7w6HL._AC_UL320_.jpg,"TECLAST Tablet de 10 pulgadas Android 12 Tablets, P25T 4GB RAM 64GB ROM 1TB Ampliar tableta Android, Tableta con CPU de 4 núcleos 1.8Ghz 2.4G+5G WiFi, pantalla IPS de 10.1 pulgadas, cámaras duales, Bluetooth 5.0, tableta para niños",4.5 de 5 estrellas,84.0
118,https://m.media-amazon.com/images/I/71s1mlbLNaL._AC_UL320_.jpg,"TECLAST Android 12 Tablet 10 inch Tablets, M40Plus 8GB+128GB Tablet, 1TB Expand 8 Core Android Tablet, 2.4G/5G WiFi, 1920*1200 IPS, 7000mAh Fast Charge, Bluetooth 5.0, GPS, Dual Camera, Parent control",4.4 de 5 estrellas,143.0
119,https://m.media-amazon.com/images/I/81TtgFNJrGL._AC_UL320_.jpg,"Tablet Android, tablet Android 12 de 10.1 pulgadas, 6 GB de RAM 64 GB de ROM, 1 TB de expansión, tableta Android con batería de 8000 mAh, cámara dual, WiFi 5G, Bluetooth, pantalla táctil FHD IPS, GPS, Google GMS certificado plateado",5.0 de 5 estrellas,89.0
120,https://m.media-amazon.com/images/I/71rlRAbO99L._AC_UL320_.jpg,"TJD Tablet Android de 7.9 pulgadas, tabletas Android 11, pantalla IPS de 2048 x 1536, 2 GB de RAM de 32 GB de ROM (512 GB expandible), procesador de cuatro núcleos, cámara de 8 MP/certificado Google/altavoces duales/Bluetooth/WiFi de 2.4 GHz, tipo C",3.8 de 5 estrellas,69.0
121,https://m.media-amazon.com/images/I/71ortBpkH8L._AC_UL320_.jpg,"Tablet Android, tablet Android 12 de 10.1 pulgadas, 6 GB de RAM 64 GB de ROM, 1 TB de expansión, tableta Android con batería larga de 8000 mAh, cámara dual, WiFi 5G, Bluetooth, pantalla táctil FHD IPS, GPS, certificado Google GMS",3.4 de 5 estrellas,89.0
122,https://m.media-amazon.com/images/I/81huX80XrcL._AC_UL320_.jpg,"Tablet Android de 10 pulgadas, tablet Android 12, 6 GB RAM 64 GB ROM, 512 GB ampliar la tableta Android con doble cámara, 5G y 2.4G WiFi, Bluetooth, 8000 mAh, pantalla táctil HD, certificado Google GMS",3.7 de 5 estrellas,82.0
123,https://m.media-amazon.com/images/I/71VWqQBkPoL._AC_UL320_.jpg,"VOLENTEX Tablet de 7 pulgadas Android 11 32 GB de almacenamiento (ampliable 128 GB) 2 GB de RAM, tabletas de procesador cuádruple PC, cámara doble, WiFi, tipo C, incluye funda de cuero para tableta",3.7 de 5 estrellas,49.0
124,https://m.media-amazon.com/images/I/61mz-if+e5L._AC_UL320_.jpg,"VOLENTEX Tableta Android 12 de 10 pulgadas, tabletas con 3 GB RAM 64 GB ROM 512 GB expandir, procesador Quad Core, WiFi 6, pantalla IPS HD de 10.1 pulgadas, batería de 6000 mAh, cámara de 2 MP+8 MP, tipo C",3.6 de 5 estrellas,69.0
125,https://m.media-amazon.com/images/I/710WBnh2BjL._AC_UL320_.jpg,"Tablet Android de 10 pulgadas, tableta WiFi 5G con teclado, procesador octa-core de 1.8 GHZ, 4 GB+128 GB/512 GB ROM, Bluetooth 5.0, GPS, Tablet PC HD con certificación Google",4.1 de 5 estrellas,189.0
126,https://m.media-amazon.com/images/I/71t+pN7w6HL._AC_UL320_.jpg,"TECLAST Tablet de 10 pulgadas Android 12 Tablets, P25T 4GB RAM 64GB ROM 1TB Ampliar tableta Android, Tableta con CPU de 4 núcleos 1.8Ghz 2.4G+5G WiFi, pantalla IPS de 10.1 pulgadas, cámaras duales, Bluetooth 5.0, tableta para niños",4.5 de 5 estrellas,84.0
127,https://m.media-amazon.com/images/I/71s1mlbLNaL._AC_UL320_.jpg,"TECLAST Android 12 Tablet 10 inch Tablets, M40Plus 8GB+128GB Tablet, 1TB Expand 8 Core Android Tablet, 2.4G/5G WiFi, 1920*1200 IPS, 7000mAh Fast Charge, Bluetooth 5.0, GPS, Dual Camera, Parent control",4.4 de 5 estrellas,143.0
128,https://m.media-amazon.com/images/I/81TtgFNJrGL._AC_UL320_.jpg,"Tablet Android, tablet Android 12 de 10.1 pulgadas, 6 GB de RAM 64 GB de ROM, 1 TB de expansión, tableta Android con batería de 8000 mAh, cámara dual, WiFi 5G, Bluetooth, pantalla táctil FHD IPS, GPS, Google GMS certificado plateado",5.0 de 5 estrellas,89.0
129,https://m.media-amazon.com/images/I/71rlRAbO99L._AC_UL320_.jpg,"TJD Tablet Android de 7.9 pulgadas, tabletas Android 11, pantalla IPS de 2048 x 1536, 2 GB de RAM de 32 GB de ROM (512 GB expandible), procesador de cuatro núcleos, cámara de 8 MP/certificado Google/altavoces duales/Bluetooth/WiFi de 2.4 GHz, tipo C",3.8 de 5 estrellas,69.0
130,https://m.media-amazon.com/images/I/71ortBpkH8L._AC_UL320_.jpg,"Tablet Android, tablet Android 12 de 10.1 pulgadas, 6 GB de RAM 64 GB de ROM, 1 TB de expansión, tableta Android con batería larga de 8000 mAh, cámara dual, WiFi 5G, Bluetooth, pantalla táctil FHD IPS, GPS, certificado Google GMS",3.4 de 5 estrellas,89.0
131,https://m.media-amazon.com/images/I/81huX80XrcL._AC_UL320_.jpg,"Tablet Android de 10 pulgadas, tablet Android 12, 6 GB RAM 64 GB ROM, 512 GB ampliar la tableta Android con doble cámara, 5G y 2.4G WiFi, Bluetooth, 8000 mAh, pantalla táctil HD, certificado Google GMS",3.7 de 5 estrellas,82.0
132,https://m.media-amazon.com/images/I/61mz-if+e5L._AC_UL320_.jpg,"VOLENTEX Tableta Android 12 de 10 pulgadas, tabletas con 3 GB RAM 64 GB ROM 512 GB expandir, procesador Quad Core, WiFi 6, pantalla IPS HD de 10.1 pulgadas, batería de 6000 mAh, cámara de 2 MP+8 MP, tipo C",3.6 de 5 estrellas,69.0
133,https://m.media-amazon.com/images/I/71VWqQBkPoL._AC_UL320_.jpg,"VOLENTEX Tablet de 7 pulgadas Android 11 32 GB de almacenamiento (ampliable 128 GB) 2 GB de RAM, tabletas de procesador cuádruple PC, cámara doble, WiFi, tipo C, incluye funda de cuero para tableta",3.7 de 5 estrellas,49.0
134,https://m.media-amazon.com/images/I/710WBnh2BjL._AC_UL320_.jpg,"Tablet Android de 10 pulgadas, tableta WiFi 5G con teclado, procesador octa-core de 1.8 GHZ, 4 GB+128 GB/512 GB ROM, Bluetooth 5.0, GPS, Tablet PC HD con certificación Google",4.1 de 5 estrellas,189.0
135,https://m.media-amazon.com/images/I/71t+pN7w6HL._AC_UL320_.jpg,"TECLAST Tablet de 10 pulgadas Android 12 Tablets, P25T 4GB RAM 64GB ROM 1TB Ampliar tableta Android, Tableta con CPU de 4 núcleos 1.8Ghz 2.4G+5G WiFi, pantalla IPS de 10.1 pulgadas, cámaras duales, Bluetooth 5.0, tableta para niños",4.5 de 5 estrellas,84.0
136,https://m.media-amazon.com/images/I/71s1mlbLNaL._AC_UL320_.jpg,"TECLAST Android 12 Tablet 10 inch Tablets, M40Plus 8GB+128GB Tablet, 1TB Expand 8 Core Android Tablet, 2.4G/5G WiFi, 1920*1200 IPS, 7000mAh Fast Charge, Bluetooth 5.0, GPS, Dual Camera, Parent control",4.4 de 5 estrellas,143.0
137,https://m.media-amazon.com/images/I/717HREfG02L._AC_UL320_.jpg,"SEBBE Tableta Android 11 de 10.36 pulgadas con procesador Octa-Core, 4 GB RAM/64 GB ROM, batería de 8000 mAh, altavoces cuádruple, WiFi 5G+2.4G, pantalla dividida, GPS, Bluetooth, certificado Google, color gris",4.1 de 5 estrellas,120.0
138,https://m.media-amazon.com/images/I/61ThPz0ShSL._AC_UL320_.jpg,"Tablet 10.1 pulgadas Android 11 Tablet última actualización Octa-Core procesador con 64GB ROM + 4GB RAM almacenamiento, doble cámara de 13MP+5MP, WiFi, Bluetooth, GPS, 512GB ampliación de soporte, IPS Full HD pantalla Tablet",4.1 de 5 estrellas,149.0
139,https://m.media-amazon.com/images/I/81TtgFNJrGL._AC_UL320_.jpg,"Tablet Android, tablet Android 12 de 10.1 pulgadas, 6 GB de RAM 64 GB de ROM, 1 TB de expansión, tableta Android con batería de 8000 mAh, cámara dual, WiFi 5G, Bluetooth, pantalla táctil FHD IPS, GPS, Google GMS certificado plateado",5.0 de 5 estrellas,89.0
140,https://m.media-amazon.com/images/I/81ifVAXdH-L._AC_UL320_.jpg,"YESTEL Tablet Android 11 de 10.1 pulgadas 2 en 1 tabletas con procesador Octa-Core de 2.0 GHz, 4 GB de RAM 64 GB de ROM (se expande a 128 GB), WiFi 2.4G+5G, Bluetooth5.0, batería de 8000 mAh, teclado y mouse incluidos, color gris",4.3 de 5 estrellas,135.0
141,https://m.media-amazon.com/images/I/71bvw+iV0UL._AC_UL320_.jpg,"Oangcc Tablet Android 11 de 10 pulgadas, tableta 2 en 1 de 4 GB RAM 64 GB ROM (MAX 128 G), doble cámara computadora Tablet PC con teclado Bluetooth, mouse inalámbrico, lápiz capacitivo, funda, y más, oro rosa",4.5 de 5 estrellas,135.0
142,https://m.media-amazon.com/images/I/71STo4K5-zL._AC_UL320_.jpg,"Dragon Touch Notepad102 Tablet Android de 10 pulgadas - 128 GB ROM, 8 GB de RAM, Octa-Core, Android 12, cámara de 13 MP, WiFi 5G, GPS, teclado compatible (2023 más nuevo)",4.3 de 5 estrellas,189.0
143,https://m.media-amazon.com/images/I/71d70arBn8L._AC_UL320_.jpg,"Tabletas Android 11 de 10 pulgadas, tablet 2 en 1 con 4+64/128 GB de almacenamiento Octa-Core, ranuras para tarjetas SIM dobles con teclado, cámara de 13 MP, batería de 6000 mAh, GPS, Bluetooth, WiFi, funda incluida",4.3 de 5 estrellas,169.0
144,https://m.media-amazon.com/images/I/71t+pN7w6HL._AC_UL320_.jpg,"TECLAST Tablet de 10 pulgadas Android 12 Tablets, P25T 4GB RAM 64GB ROM 1TB Ampliar tableta Android, Tableta con CPU de 4 núcleos 1.8Ghz 2.4G+5G WiFi, pantalla IPS de 10.1 pulgadas, cámaras duales, Bluetooth 5.0, tableta para niños",4.5 de 5 estrellas,84.0
145,https://m.media-amazon.com/images/I/71s1mlbLNaL._AC_UL320_.jpg,"TECLAST Android 12 Tablet 10 inch Tablets, M40Plus 8GB+128GB Tablet, 1TB Expand 8 Core Android Tablet, 2.4G/5G WiFi, 1920*1200 IPS, 7000mAh Fast Charge, Bluetooth 5.0, GPS, Dual Camera, Parent control",4.4 de 5 estrellas,143.0
146,https://m.media-amazon.com/images/I/81TtgFNJrGL._AC_UL320_.jpg,"Tablet Android, tablet Android 12 de 10.1 pulgadas, 6 GB de RAM 64 GB de ROM, 1 TB de expansión, tableta Android con batería de 8000 mAh, cámara dual, WiFi 5G, Bluetooth, pantalla táctil FHD IPS, GPS, Google GMS certificado plateado",5.0 de 5 estrellas,89.0
147,https://m.media-amazon.com/images/I/71rlRAbO99L._AC_UL320_.jpg,"TJD Tablet Android de 7.9 pulgadas, tabletas Android 11, pantalla IPS de 2048 x 1536, 2 GB de RAM de 32 GB de ROM (512 GB expandible), procesador de cuatro núcleos, cámara de 8 MP/certificado Google/altavoces duales/Bluetooth/WiFi de 2.4 GHz, tipo C",3.8 de 5 estrellas,69.0
148,https://m.media-amazon.com/images/I/71STo4K5-zL._AC_UL320_.jpg,"Dragon Touch Notepad102 Tablet Android de 10 pulgadas - 128 GB ROM, 8 GB de RAM, Octa-Core, Android 12, cámara de 13 MP, WiFi 5G, GPS, teclado compatible (2023 más nuevo)",4.3 de 5 estrellas,189.0
149,https://m.media-amazon.com/images/I/716Lsza754L._AC_UL320_.jpg,"TJD Tabletas de 14 pulgadas, tablet Android, 4 GB RAM 128 GB ROM, Android 12.0, procesador Quad Core, certificado Google, WiFi 2.4G+5G, Bluetooth, HDMI, pantalla FHD, batería de larga duración, teclado/mouse",3.0 de 5 estrellas,339.0
150,https://m.media-amazon.com/images/I/81huX80XrcL._AC_UL320_.jpg,"Tablet Android de 10 pulgadas, tablet Android 12, 6 GB RAM 64 GB ROM, 512 GB ampliar la tableta Android con doble cámara, 5G y 2.4G WiFi, Bluetooth, 8000 mAh, pantalla táctil HD, certificado Google GMS",3.7 de 5 estrellas,82.0
151,https://m.media-amazon.com/images/I/71ortBpkH8L._AC_UL320_.jpg,"Tablet Android, tablet Android 12 de 10.1 pulgadas, 6 GB de RAM 64 GB de ROM, 1 TB de expansión, tableta Android con batería larga de 8000 mAh, cámara dual, WiFi 5G, Bluetooth, pantalla táctil FHD IPS, GPS, certificado Google GMS",3.4 de 5 estrellas,89.0
152,https://m.media-amazon.com/images/I/71VWqQBkPoL._AC_UL320_.jpg,"VOLENTEX Tablet de 7 pulgadas Android 11 32 GB de almacenamiento (ampliable 128 GB) 2 GB de RAM, tabletas de procesador cuádruple PC, cámara doble, WiFi, tipo C, incluye funda de cuero para tableta",3.7 de 5 estrellas,49.0
153,https://m.media-amazon.com/images/I/71t+pN7w6HL._AC_UL320_.jpg,"TECLAST Tablet de 10 pulgadas Android 12 Tablets, P25T 4GB RAM 64GB ROM 1TB Ampliar tableta Android, Tableta con CPU de 4 núcleos 1.8Ghz 2.4G+5G WiFi, pantalla IPS de 10.1 pulgadas, cámaras duales, Bluetooth 5.0, tableta para niños",4.5 de 5 estrellas,84.0
154,https://m.media-amazon.com/images/I/71s1mlbLNaL._AC_UL320_.jpg,"TECLAST Android 12 Tablet 10 inch Tablets, M40Plus 8GB+128GB Tablet, 1TB Expand 8 Core Android Tablet, 2.4G/5G WiFi, 1920*1200 IPS, 7000mAh Fast Charge, Bluetooth 5.0, GPS, Dual Camera, Parent control",4.4 de 5 estrellas,143.0
155,https://m.media-amazon.com/images/I/81TtgFNJrGL._AC_UL320_.jpg,"Tablet Android, tablet Android 12 de 10.1 pulgadas, 6 GB de RAM 64 GB de ROM, 1 TB de expansión, tableta Android con batería de 8000 mAh, cámara dual, WiFi 5G, Bluetooth, pantalla táctil FHD IPS, GPS, Google GMS certificado plateado",5.0 de 5 estrellas,89.0
156,https://m.media-amazon.com/images/I/71rlRAbO99L._AC_UL320_.jpg,"TJD Tablet Android de 7.9 pulgadas, tabletas Android 11, pantalla IPS de 2048 x 1536, 2 GB de RAM de 32 GB de ROM (512 GB expandible), procesador de cuatro núcleos, cámara de 8 MP/certificado Google/altavoces duales/Bluetooth/WiFi de 2.4 GHz, tipo C",3.8 de 5 estrellas,69.0
157,https://m.media-amazon.com/images/I/81huX80XrcL._AC_UL320_.jpg,"Tablet Android de 10 pulgadas, tablet Android 12, 6 GB RAM 64 GB ROM, 512 GB ampliar la tableta Android con doble cámara, 5G y 2.4G WiFi, Bluetooth, 8000 mAh, pantalla táctil HD, certificado Google GMS",3.7 de 5 estrellas,82.0
158,https://m.media-amazon.com/images/I/71ortBpkH8L._AC_UL320_.jpg,"Tablet Android, tablet Android 12 de 10.1 pulgadas, 6 GB de RAM 64 GB de ROM, 1 TB de expansión, tableta Android con batería larga de 8000 mAh, cámara dual, WiFi 5G, Bluetooth, pantalla táctil FHD IPS, GPS, certificado Google GMS",3.4 de 5 estrellas,89.0
159,https://m.media-amazon.com/images/I/61mz-if+e5L._AC_UL320_.jpg,"VOLENTEX Tableta Android 12 de 10 pulgadas, tabletas con 3 GB RAM 64 GB ROM 512 GB expandir, procesador Quad Core, WiFi 6, pantalla IPS HD de 10.1 pulgadas, batería de 6000 mAh, cámara de 2 MP+8 MP, tipo C",3.6 de 5 estrellas,69.0
160,https://m.media-amazon.com/images/I/71VWqQBkPoL._AC_UL320_.jpg,"VOLENTEX Tablet de 7 pulgadas Android 11 32 GB de almacenamiento (ampliable 128 GB) 2 GB de RAM, tabletas de procesador cuádruple PC, cámara doble, WiFi, tipo C, incluye funda de cuero para tableta",3.7 de 5 estrellas,49.0
161,https://m.media-amazon.com/images/I/710WBnh2BjL._AC_UL320_.jpg,"Tablet Android de 10 pulgadas, tableta WiFi 5G con teclado, procesador octa-core de 1.8 GHZ, 4 GB+128 GB/512 GB ROM, Bluetooth 5.0, GPS, Tablet PC HD con certificación Google",4.1 de 5 estrellas,189.0
162,https://m.media-amazon.com/images/I/71t+pN7w6HL._AC_UL320_.jpg,"TECLAST Tablet de 10 pulgadas Android 12 Tablets, P25T 4GB RAM 64GB ROM 1TB Ampliar tableta Android, Tableta con CPU de 4 núcleos 1.8Ghz 2.4G+5G WiFi, pantalla IPS de 10.1 pulgadas, cámaras duales, Bluetooth 5.0, tableta para niños",4.5 de 5 estrellas,84.0
163,https://m.media-amazon.com/images/I/71s1mlbLNaL._AC_UL320_.jpg,"TECLAST Android 12 Tablet 10 inch Tablets, M40Plus 8GB+128GB Tablet, 1TB Expand 8 Core Android Tablet, 2.4G/5G WiFi, 1920*1200 IPS, 7000mAh Fast Charge, Bluetooth 5.0, GPS, Dual Camera, Parent control",4.4 de 5 estrellas,143.0
164,https://m.media-amazon.com/images/I/81TtgFNJrGL._AC_UL320_.jpg,"Tablet Android, tablet Android 12 de 10.1 pulgadas, 6 GB de RAM 64 GB de ROM, 1 TB de expansión, tableta Android con batería de 8000 mAh, cámara dual, WiFi 5G, Bluetooth, pantalla táctil FHD IPS, GPS, Google GMS certificado plateado",5.0 de 5 estrellas,89.0
165,https://m.media-amazon.com/images/I/71rlRAbO99L._AC_UL320_.jpg,"TJD Tablet Android de 7.9 pulgadas, tabletas Android 11, pantalla IPS de 2048 x 1536, 2 GB de RAM de 32 GB de ROM (512 GB expandible), procesador de cuatro núcleos, cámara de 8 MP/certificado Google/altavoces duales/Bluetooth/WiFi de 2.4 GHz, tipo C",3.8 de 5 estrellas,69.0
166,https://m.media-amazon.com/images/I/81huX80XrcL._AC_UL320_.jpg,"Tablet Android de 10 pulgadas, tablet Android 12, 6 GB RAM 64 GB ROM, 512 GB ampliar la tableta Android con doble cámara, 5G y 2.4G WiFi, Bluetooth, 8000 mAh, pantalla táctil HD, certificado Google GMS",3.7 de 5 estrellas,82.0
167,https://m.media-amazon.com/images/I/71ortBpkH8L._AC_UL320_.jpg,"Tablet Android, tablet Android 12 de 10.1 pulgadas, 6 GB de RAM 64 GB de ROM, 1 TB de expansión, tableta Android con batería larga de 8000 mAh, cámara dual, WiFi 5G, Bluetooth, pantalla táctil FHD IPS, GPS, certificado Google GMS",3.4 de 5 estrellas,89.0
168,https://m.media-amazon.com/images/I/71VWqQBkPoL._AC_UL320_.jpg,"VOLENTEX Tablet de 7 pulgadas Android 11 32 GB de almacenamiento (ampliable 128 GB) 2 GB de RAM, tabletas de procesador cuádruple PC, cámara doble, WiFi, tipo C, incluye funda de cuero para tableta",3.7 de 5 estrellas,49.0
169,https://m.media-amazon.com/images/I/61mz-if+e5L._AC_UL320_.jpg,"VOLENTEX Tableta Android 12 de 10 pulgadas, tabletas con 3 GB RAM 64 GB ROM 512 GB expandir, procesador Quad Core, WiFi 6, pantalla IPS HD de 10.1 pulgadas, batería de 6000 mAh, cámara de 2 MP+8 MP, tipo C",3.6 de 5 estrellas,69.0
170,https://m.media-amazon.com/images/I/61t897djiRL._AC_UL320_.jpg,"Headwolf Tableta FPad2, tableta Android 12 de 8 pulgadas, procesador A75 de cuatro núcleos, pantalla HD de 5 MP+5 MP doble cámara, 4 GB RAM 64 GB ROM 512 GB TF expandir, espacio para niños, 5500 mAh, 5G WiFi, GPS, Bluetooth 5.0 (gris)",3.9 de 5 estrellas,139.0
171,https://m.media-amazon.com/images/I/71t+pN7w6HL._AC_UL320_.jpg,"TECLAST Tablet de 10 pulgadas Android 12 Tablets, P25T 4GB RAM 64GB ROM 1TB Ampliar tableta Android, Tableta con CPU de 4 núcleos 1.8Ghz 2.4G+5G WiFi, pantalla IPS de 10.1 pulgadas, cámaras duales, Bluetooth 5.0, tableta para niños",4.5 de 5 estrellas,84.0
172,https://m.media-amazon.com/images/I/71s1mlbLNaL._AC_UL320_.jpg,"TECLAST Android 12 Tablet 10 inch Tablets, M40Plus 8GB+128GB Tablet, 1TB Expand 8 Core Android Tablet, 2.4G/5G WiFi, 1920*1200 IPS, 7000mAh Fast Charge, Bluetooth 5.0, GPS, Dual Camera, Parent control",4.4 de 5 estrellas,143.0
173,https://m.media-amazon.com/images/I/61DNToXKaEL._AC_UL320_.jpg,"Tablet 10.1 pulgadas Android 11 Tablet última actualización Octa-Core procesador con 64GB ROM+4GB RAM almacenamiento, doble cámara de 13MP+5MP, WiFi, Bluetooth, GPS, 512GB ampliación soporte, IPS pantalla Full HD WiFi Tablet",4.1 de 5 estrellas,149.0
174,https://m.media-amazon.com/images/I/81TtgFNJrGL._AC_UL320_.jpg,"Tablet Android, tablet Android 12 de 10.1 pulgadas, 6 GB de RAM 64 GB de ROM, 1 TB de expansión, tableta Android con batería de 8000 mAh, cámara dual, WiFi 5G, Bluetooth, pantalla táctil FHD IPS, GPS, Google GMS certificado plateado",5.0 de 5 estrellas,89.0
175,https://m.media-amazon.com/images/I/71STo4K5-zL._AC_UL320_.jpg,"Dragon Touch Notepad102 Tablet Android de 10 pulgadas - 128 GB ROM, 8 GB de RAM, Octa-Core, Android 12, cámara de 13 MP, WiFi 5G, GPS, teclado compatible (2023 más nuevo)",4.3 de 5 estrellas,189.0
176,https://m.media-amazon.com/images/I/819ZtQI0tPL._AC_UL320_.jpg,"BYYBUO Tablet T10 Pro de 10.1 pulgadas, tabletas Android 11 2 en 1 con funda de teclado de acoplamiento, 4 GB de RAM 64 GB de ROM, 1920 x 1200 Full HD, procesador Octa-Core, batería de 7000 mAh, WiFi 5G/2.4G, Bluetooth, GPS (2023 gris)",3.7 de 5 estrellas,149.0
177,https://m.media-amazon.com/images/I/71rlRAbO99L._AC_UL320_.jpg,"TJD Tablet Android de 7.9 pulgadas, tabletas Android 11, pantalla IPS de 2048 x 1536, 2 GB de RAM de 32 GB de ROM (512 GB expandible), procesador de cuatro núcleos, cámara de 8 MP/certificado Google/altavoces duales/Bluetooth/WiFi de 2.4 GHz, tipo C",3.8 de 5 estrellas,69.0
178,https://m.media-amazon.com/images/I/717HREfG02L._AC_UL320_.jpg,"SEBBE Tableta Android 11 de 10.36 pulgadas con procesador Octa-Core, 4 GB RAM/64 GB ROM, batería de 8000 mAh, altavoces cuádruple, WiFi 5G+2.4G, pantalla dividida, GPS, Bluetooth, certificado Google, color gris",4.1 de 5 estrellas,120.0
179,https://m.media-amazon.com/images/I/71HGVu61n8L._AC_UL320_.jpg,"MEBERRY Tablet Android 11 de 10.1 pulgadas con procesador Octa-Core de 2.0 GHz, 2.4G+5G Wi-Fi| 4GB RAM+64GB ROM| expansión de 256GB | batería de 8000mAh | GPS, doble cámara, azul metal",4.2 de 5 estrellas,121.0
180,https://m.media-amazon.com/images/I/71t+pN7w6HL._AC_UL320_.jpg,"TECLAST Tablet de 10 pulgadas Android 12 Tablets, P25T 4GB RAM 64GB ROM 1TB Ampliar tableta Android, Tableta con CPU de 4 núcleos 1.8Ghz 2.4G+5G WiFi, pantalla IPS de 10.1 pulgadas, cámaras duales, Bluetooth 5.0, tableta para niños",4.5 de 5 estrellas,84.0
181,https://m.media-amazon.com/images/I/71s1mlbLNaL._AC_UL320_.jpg,"TECLAST Android 12 Tablet 10 inch Tablets, M40Plus 8GB+128GB Tablet, 1TB Expand 8 Core Android Tablet, 2.4G/5G WiFi, 1920*1200 IPS, 7000mAh Fast Charge, Bluetooth 5.0, GPS, Dual Camera, Parent control",4.4 de 5 estrellas,143.0
182,https://m.media-amazon.com/images/I/81TtgFNJrGL._AC_UL320_.jpg,"Tablet Android, tablet Android 12 de 10.1 pulgadas, 6 GB de RAM 64 GB de ROM, 1 TB de expansión, tableta Android con batería de 8000 mAh, cámara dual, WiFi 5G, Bluetooth, pantalla táctil FHD IPS, GPS, Google GMS certificado plateado",5.0 de 5 estrellas,89.0
183,https://m.media-amazon.com/images/I/71rlRAbO99L._AC_UL320_.jpg,"TJD Tablet Android de 7.9 pulgadas, tabletas Android 11, pantalla IPS de 2048 x 1536, 2 GB de RAM de 32 GB de ROM (512 GB expandible), procesador de cuatro núcleos, cámara de 8 MP/certificado Google/altavoces duales/Bluetooth/WiFi de 2.4 GHz, tipo C",3.8 de 5 estrellas,69.0
184,https://m.media-amazon.com/images/I/81huX80XrcL._AC_UL320_.jpg,"Tablet Android de 10 pulgadas, tablet Android 12, 6 GB RAM 64 GB ROM, 512 GB ampliar la tableta Android con doble cámara, 5G y 2.4G WiFi, Bluetooth, 8000 mAh, pantalla táctil HD, certificado Google GMS",3.7 de 5 estrellas,82.0
185,https://m.media-amazon.com/images/I/71ortBpkH8L._AC_UL320_.jpg,"Tablet Android, tablet Android 12 de 10.1 pulgadas, 6 GB de RAM 64 GB de ROM, 1 TB de expansión, tableta Android con batería larga de 8000 mAh, cámara dual, WiFi 5G, Bluetooth, pantalla táctil FHD IPS, GPS, certificado Google GMS",3.4 de 5 estrellas,89.0
186,https://m.media-amazon.com/images/I/61mz-if+e5L._AC_UL320_.jpg,"VOLENTEX Tableta Android 12 de 10 pulgadas, tabletas con 3 GB RAM 64 GB ROM 512 GB expandir, procesador Quad Core, WiFi 6, pantalla IPS HD de 10.1 pulgadas, batería de 6000 mAh, cámara de 2 MP+8 MP, tipo C",3.6 de 5 estrellas,69.0
187,https://m.media-amazon.com/images/I/71VWqQBkPoL._AC_UL320_.jpg,"VOLENTEX Tablet de 7 pulgadas Android 11 32 GB de almacenamiento (ampliable 128 GB) 2 GB de RAM, tabletas de procesador cuádruple PC, cámara doble, WiFi, tipo C, incluye funda de cuero para tableta",3.7 de 5 estrellas,49.0
188,https://m.media-amazon.com/images/I/61t897djiRL._AC_UL320_.jpg,"Headwolf Tableta FPad2, tableta Android 12 de 8 pulgadas, procesador A75 de cuatro núcleos, pantalla HD de 5 MP+5 MP doble cámara, 4 GB RAM 64 GB ROM 512 GB TF expandir, espacio para niños, 5500 mAh, 5G WiFi, GPS, Bluetooth 5.0 (gris)",3.9 de 5 estrellas,139.0
189,https://m.media-amazon.com/images/I/71t+pN7w6HL._AC_UL320_.jpg,"TECLAST Tablet de 10 pulgadas Android 12 Tablets, P25T 4GB RAM 64GB ROM 1TB Ampliar tableta Android, Tableta con CPU de 4 núcleos 1.8Ghz 2.4G+5G WiFi, pantalla IPS de 10.1 pulgadas, cámaras duales, Bluetooth 5.0, tableta para niños",4.5 de 5 estrellas,84.0
190,https://m.media-amazon.com/images/I/71s1mlbLNaL._AC_UL320_.jpg,"TECLAST Android 12 Tablet 10 inch Tablets, M40Plus 8GB+128GB Tablet, 1TB Expand 8 Core Android Tablet, 2.4G/5G WiFi, 1920*1200 IPS, 7000mAh Fast Charge, Bluetooth 5.0, GPS, Dual Camera, Parent control",4.4 de 5 estrellas,143.0
191,https://m.media-amazon.com/images/I/717HREfG02L._AC_UL320_.jpg,"SEBBE Tableta Android 11 de 10.36 pulgadas con procesador Octa-Core, 4 GB RAM/64 GB ROM, batería de 8000 mAh, altavoces cuádruple, WiFi 5G+2.4G, pantalla dividida, GPS, Bluetooth, certificado Google, color gris",4.1 de 5 estrellas,120.0
192,https://m.media-amazon.com/images/I/61DNToXKaEL._AC_UL320_.jpg,"Tablet 10.1 pulgadas Android 11 Tablet última actualización Octa-Core procesador con 64GB ROM+4GB RAM almacenamiento, doble cámara de 13MP+5MP, WiFi, Bluetooth, GPS, 512GB ampliación soporte, IPS pantalla Full HD WiFi Tablet",4.1 de 5 estrellas,149.0
193,https://m.media-amazon.com/images/I/81TtgFNJrGL._AC_UL320_.jpg,"Tablet Android, tablet Android 12 de 10.1 pulgadas, 6 GB de RAM 64 GB de ROM, 1 TB de expansión, tableta Android con batería de 8000 mAh, cámara dual, WiFi 5G, Bluetooth, pantalla táctil FHD IPS, GPS, Google GMS certificado plateado",5.0 de 5 estrellas,89.0
194,https://m.media-amazon.com/images/I/71STo4K5-zL._AC_UL320_.jpg,"Dragon Touch Notepad102 Tablet Android de 10 pulgadas - 128 GB ROM, 8 GB de RAM, Octa-Core, Android 12, cámara de 13 MP, WiFi 5G, GPS, teclado compatible (2023 más nuevo)",4.3 de 5 estrellas,189.0
195,https://m.media-amazon.com/images/I/81ifVAXdH-L._AC_UL320_.jpg,"YESTEL Tablet Android 11 de 10.1 pulgadas 2 en 1 tabletas con procesador Octa-Core de 2.0 GHz, 4 GB de RAM 64 GB de ROM (se expande a 128 GB), WiFi 2.4G+5G, Bluetooth5.0, batería de 8000 mAh, teclado y mouse incluidos, color gris",4.3 de 5 estrellas,135.0
196,https://m.media-amazon.com/images/I/71bvw+iV0UL._AC_UL320_.jpg,"Oangcc Tablet Android 11 de 10 pulgadas, tableta 2 en 1 de 4 GB RAM 64 GB ROM (MAX 128 G), doble cámara computadora Tablet PC con teclado Bluetooth, mouse inalámbrico, lápiz capacitivo, funda, y más, oro rosa",4.5 de 5 estrellas,135.0
197,https://m.media-amazon.com/images/I/819ZtQI0tPL._AC_UL320_.jpg,"BYYBUO Tablet T10 Pro de 10.1 pulgadas, tabletas Android 11 2 en 1 con funda de teclado de acoplamiento, 4 GB de RAM 64 GB de ROM, 1920 x 1200 Full HD, procesador Octa-Core, batería de 7000 mAh, WiFi 5G/2.4G, Bluetooth, GPS (2023 gris)",3.7 de 5 estrellas,149.0
198,https://m.media-amazon.com/images/I/71t+pN7w6HL._AC_UL320_.jpg,"TECLAST Tablet de 10 pulgadas Android 12 Tablets, P25T 4GB RAM 64GB ROM 1TB Ampliar tableta Android, Tableta con CPU de 4 núcleos 1.8Ghz 2.4G+5G WiFi, pantalla IPS de 10.1 pulgadas, cámaras duales, Bluetooth 5.0, tableta para niños",4.5 de 5 estrellas,84.0
199,https://m.media-amazon.com/images/I/71s1mlbLNaL._AC_UL320_.jpg,"TECLAST Android 12 Tablet 10 inch Tablets, M40Plus 8GB+128GB Tablet, 1TB Expand 8 Core Android Tablet, 2.4G/5G WiFi, 1920*1200 IPS, 7000mAh Fast Charge, Bluetooth 5.0, GPS, Dual Camera, Parent control",4.4 de 5 estrellas,143.0
200,https://m.media-amazon.com/images/I/717HREfG02L._AC_UL320_.jpg,"SEBBE Tableta Android 11 de 10.36 pulgadas con procesador Octa-Core, 4 GB RAM/64 GB ROM, batería de 8000 mAh, altavoces cuádruple, WiFi 5G+2.4G, pantalla dividida, GPS, Bluetooth, certificado Google, color gris",4.1 de 5 estrellas,120.0
201,https://m.media-amazon.com/images/I/61ThPz0ShSL._AC_UL320_.jpg,"Tablet 10.1 pulgadas Android 11 Tablet última actualización Octa-Core procesador con 64GB ROM + 4GB RAM almacenamiento, doble cámara de 13MP+5MP, WiFi, Bluetooth, GPS, 512GB ampliación de soporte, IPS Full HD pantalla Tablet",4.1 de 5 estrellas,149.0
202,https://m.media-amazon.com/images/I/81TtgFNJrGL._AC_UL320_.jpg,"Tablet Android, tablet Android 12 de 10.1 pulgadas, 6 GB de RAM 64 GB de ROM, 1 TB de expansión, tableta Android con batería de 8000 mAh, cámara dual, WiFi 5G, Bluetooth, pantalla táctil FHD IPS, GPS, Google GMS certificado plateado",5.0 de 5 estrellas,89.0
203,https://m.media-amazon.com/images/I/71STo4K5-zL._AC_UL320_.jpg,"Dragon Touch Notepad102 Tablet Android de 10 pulgadas - 128 GB ROM, 8 GB de RAM, Octa-Core, Android 12, cámara de 13 MP, WiFi 5G, GPS, teclado compatible (2023 más nuevo)",4.3 de 5 estrellas,189.0
204,https://m.media-amazon.com/images/I/81ifVAXdH-L._AC_UL320_.jpg,"YESTEL Tablet Android 11 de 10.1 pulgadas 2 en 1 tabletas con procesador Octa-Core de 2.0 GHz, 4 GB de RAM 64 GB de ROM (se expande a 128 GB), WiFi 2.4G+5G, Bluetooth5.0, batería de 8000 mAh, teclado y mouse incluidos, color gris",4.3 de 5 estrellas,135.0
205,https://m.media-amazon.com/images/I/71bvw+iV0UL._AC_UL320_.jpg,"Oangcc Tablet Android 11 de 10 pulgadas, tableta 2 en 1 de 4 GB RAM 64 GB ROM (MAX 128 G), doble cámara computadora Tablet PC con teclado Bluetooth, mouse inalámbrico, lápiz capacitivo, funda, y más, oro rosa",4.5 de 5 estrellas,135.0
206,https://m.media-amazon.com/images/I/819ZtQI0tPL._AC_UL320_.jpg,"BYYBUO Tablet T10 Pro de 10.1 pulgadas, tabletas Android 11 2 en 1 con funda de teclado de acoplamiento, 4 GB de RAM 64 GB de ROM, 1920 x 1200 Full HD, procesador Octa-Core, batería de 7000 mAh, WiFi 5G/2.4G, Bluetooth, GPS (2023 gris)",3.7 de 5 estrellas,149.0
207,https://m.media-amazon.com/images/I/71t+pN7w6HL._AC_UL320_.jpg,"TECLAST Tablet de 10 pulgadas Android 12 Tablets, P25T 4GB RAM 64GB ROM 1TB Ampliar tableta Android, Tableta con CPU de 4 núcleos 1.8Ghz 2.4G+5G WiFi, pantalla IPS de 10.1 pulgadas, cámaras duales, Bluetooth 5.0, tableta para niños",4.5 de 5 estrellas,84.0
208,https://m.media-amazon.com/images/I/71s1mlbLNaL._AC_UL320_.jpg,"TECLAST Android 12 Tablet 10 inch Tablets, M40Plus 8GB+128GB Tablet, 1TB Expand 8 Core Android Tablet, 2.4G/5G WiFi, 1920*1200 IPS, 7000mAh Fast Charge, Bluetooth 5.0, GPS, Dual Camera, Parent control",4.4 de 5 estrellas,143.0
209,https://m.media-amazon.com/images/I/717HREfG02L._AC_UL320_.jpg,"SEBBE Tableta Android 11 de 10.36 pulgadas con procesador Octa-Core, 4 GB RAM/64 GB ROM, batería de 8000 mAh, altavoces cuádruple, WiFi 5G+2.4G, pantalla dividida, GPS, Bluetooth, certificado Google, color gris",4.1 de 5 estrellas,120.0
210,https://m.media-amazon.com/images/I/61ThPz0ShSL._AC_UL320_.jpg,"Tablet 10.1 pulgadas Android 11 Tablet última actualización Octa-Core procesador con 64GB ROM + 4GB RAM almacenamiento, doble cámara de 13MP+5MP, WiFi, Bluetooth, GPS, 512GB ampliación de soporte, IPS Full HD pantalla Tablet",4.1 de 5 estrellas,149.0
211,https://m.media-amazon.com/images/I/81TtgFNJrGL._AC_UL320_.jpg,"Tablet Android, tablet Android 12 de 10.1 pulgadas, 6 GB de RAM 64 GB de ROM, 1 TB de expansión, tableta Android con batería de 8000 mAh, cámara dual, WiFi 5G, Bluetooth, pantalla táctil FHD IPS, GPS, Google GMS certificado plateado",5.0 de 5 estrellas,89.0
212,https://m.media-amazon.com/images/I/71STo4K5-zL._AC_UL320_.jpg,"Dragon Touch Notepad102 Tablet Android de 10 pulgadas - 128 GB ROM, 8 GB de RAM, Octa-Core, Android 12, cámara de 13 MP, WiFi 5G, GPS, teclado compatible (2023 más nuevo)",4.3 de 5 estrellas,189.0
213,https://m.media-amazon.com/images/I/71bvw+iV0UL._AC_UL320_.jpg,"Oangcc Tablet Android 11 de 10 pulgadas, tableta 2 en 1 de 4 GB RAM 64 GB ROM (MAX 128 G), doble cámara computadora Tablet PC con teclado Bluetooth, mouse inalámbrico, lápiz capacitivo, funda, y más, oro rosa",4.5 de 5 estrellas,135.0
214,https://m.media-amazon.com/images/I/81ifVAXdH-L._AC_UL320_.jpg,"YESTEL Tablet Android 11 de 10.1 pulgadas 2 en 1 tabletas con procesador Octa-Core de 2.0 GHz, 4 GB de RAM 64 GB de ROM (se expande a 128 GB), WiFi 2.4G+5G, Bluetooth5.0, batería de 8000 mAh, teclado y mouse incluidos, color gris",4.3 de 5 estrellas,135.0
215,https://m.media-amazon.com/images/I/819ZtQI0tPL._AC_UL320_.jpg,"BYYBUO Tablet T10 Pro de 10.1 pulgadas, tabletas Android 11 2 en 1 con funda de teclado de acoplamiento, 4 GB de RAM 64 GB de ROM, 1920 x 1200 Full HD, procesador Octa-Core, batería de 7000 mAh, WiFi 5G/2.4G, Bluetooth, GPS (2023 gris)",3.7 de 5 estrellas,149.0
216,https://m.media-amazon.com/images/I/71t+pN7w6HL._AC_UL320_.jpg,"TECLAST Tablet de 10 pulgadas Android 12 Tablets, P25T 4GB RAM 64GB ROM 1TB Ampliar tableta Android, Tableta con CPU de 4 núcleos 1.8Ghz 2.4G+5G WiFi, pantalla IPS de 10.1 pulgadas, cámaras duales, Bluetooth 5.0, tableta para niños",4.5 de 5 estrellas,84.0
217,https://m.media-amazon.com/images/I/71s1mlbLNaL._AC_UL320_.jpg,"TECLAST Android 12 Tablet 10 inch Tablets, M40Plus 8GB+128GB Tablet, 1TB Expand 8 Core Android Tablet, 2.4G/5G WiFi, 1920*1200 IPS, 7000mAh Fast Charge, Bluetooth 5.0, GPS, Dual Camera, Parent control",4.4 de 5 estrellas,143.0
218,https://m.media-amazon.com/images/I/81TtgFNJrGL._AC_UL320_.jpg,"Tablet Android, tablet Android 12 de 10.1 pulgadas, 6 GB de RAM 64 GB de ROM, 1 TB de expansión, tableta Android con batería de 8000 mAh, cámara dual, WiFi 5G, Bluetooth, pantalla táctil FHD IPS, GPS, Google GMS certificado plateado",5.0 de 5 estrellas,89.0
219,https://m.media-amazon.com/images/I/71rlRAbO99L._AC_UL320_.jpg,"TJD Tablet Android de 7.9 pulgadas, tabletas Android 11, pantalla IPS de 2048 x 1536, 2 GB de RAM de 32 GB de ROM (512 GB expandible), procesador de cuatro núcleos, cámara de 8 MP/certificado Google/altavoces duales/Bluetooth/WiFi de 2.4 GHz, tipo C",3.8 de 5 estrellas,69.0
220,https://m.media-amazon.com/images/I/81huX80XrcL._AC_UL320_.jpg,"Tablet Android de 10 pulgadas, tablet Android 12, 6 GB RAM 64 GB ROM, 512 GB ampliar la tableta Android con doble cámara, 5G y 2.4G WiFi, Bluetooth, 8000 mAh, pantalla táctil HD, certificado Google GMS",3.7 de 5 estrellas,82.0
221,https://m.media-amazon.com/images/I/71ortBpkH8L._AC_UL320_.jpg,"Tablet Android, tablet Android 12 de 10.1 pulgadas, 6 GB de RAM 64 GB de ROM, 1 TB de expansión, tableta Android con batería larga de 8000 mAh, cámara dual, WiFi 5G, Bluetooth, pantalla táctil FHD IPS, GPS, certificado Google GMS",3.4 de 5 estrellas,89.0
222,https://m.media-amazon.com/images/I/61mz-if+e5L._AC_UL320_.jpg,"VOLENTEX Tableta Android 12 de 10 pulgadas, tabletas con 3 GB RAM 64 GB ROM 512 GB expandir, procesador Quad Core, WiFi 6, pantalla IPS HD de 10.1 pulgadas, batería de 6000 mAh, cámara de 2 MP+8 MP, tipo C",3.6 de 5 estrellas,69.0
223,https://m.media-amazon.com/images/I/71VWqQBkPoL._AC_UL320_.jpg,"VOLENTEX Tablet de 7 pulgadas Android 11 32 GB de almacenamiento (ampliable 128 GB) 2 GB de RAM, tabletas de procesador cuádruple PC, cámara doble, WiFi, tipo C, incluye funda de cuero para tableta",3.7 de 5 estrellas,49.0
224,https://m.media-amazon.com/images/I/61t897djiRL._AC_UL320_.jpg,"Headwolf Tableta FPad2, tableta Android 12 de 8 pulgadas, procesador A75 de cuatro núcleos, pantalla HD de 5 MP+5 MP doble cámara, 4 GB RAM 64 GB ROM 512 GB TF expandir, espacio para niños, 5500 mAh, 5G WiFi, GPS, Bluetooth 5.0 (gris)",3.9 de 5 estrellas,139.0
